Date,Last PX,Date + 1,Last PX + 1,Date + 7,Last PX + 7,Date + 14,Last PX + 14
2024-01-02,34.043,2024-01-03 00:00:00,33.99,2024-01-09,32.988,2024-01-16,31.849
2024-01-03,33.99,2024-01-04 00:00:00,33.316,2024-01-10,32.755,2024-01-17,31.763
2024-01-04,33.316,2024-01-05 00:00:00,32.87,2024-01-11,32.971,2024-01-18,31.332
2024-01-05,32.87,2024-01-08 00:00:00,32.951,2024-01-12,32.863,2024-01-19,31.644
2024-01-08,32.951,2024-01-09 00:00:00,32.988,2024-01-15,31.849,2024-01-22,31.704
2024-01-09,32.988,2024-01-10 00:00:00,32.755,2024-01-16,31.849,2024-01-23,31.359
2024-01-10,32.755,2024-01-11 00:00:00,32.971,2024-01-17,31.763,2024-01-24,31.042
2024-01-11,32.971,2024-01-12 00:00:00,32.863,2024-01-18,31.332,2024-01-25,31.314
2024-01-12,32.863,2024-01-15 00:00:00,31.849,2024-01-19,31.644,2024-01-26,31.362
2024-01-16,31.849,2024-01-17 00:00:00,31.763,2024-01-23,31.359,2024-01-30,32.386
2024-01-17,31.763,2024-01-18 00:00:00,31.332,2024-01-24,31.042,2024-01-31,32.979
2024-01-18,31.332,2024-01-19 00:00:00,31.644,2024-01-25,31.314,2024-02-01,33.444
2024-01-19,31.644,2024-01-22 00:00:00,31.704,2024-01-26,31.362,2024-02-02,32.627
2024-01-22,31.704,2024-01-23 00:00:00,31.359,2024-01-29,31.837,2024-02-05,31.754
2024-01-23,31.359,2024-01-24 00:00:00,31.042,2024-01-30,32.386,2024-02-06,32.053
2024-01-24,31.042,2024-01-25 00:00:00,31.314,2024-01-31,32.979,2024-02-07,31.847
2024-01-25,31.314,2024-01-26 00:00:00,31.362,2024-02-01,33.444,2024-02-08,31.651
2024-01-26,31.362,2024-01-29 00:00:00,31.837,2024-02-02,32.627,2024-02-09,31.561
2024-01-29,31.837,2024-01-30 00:00:00,32.386,2024-02-05,31.754,2024-02-12,31.492
2024-01-30,32.386,2024-01-31 00:00:00,32.979,2024-02-06,32.053,2024-02-13,30.959
2024-01-31,32.979,2024-02-01 00:00:00,33.444,2024-02-07,31.847,2024-02-14,31.118
2024-02-01,33.444,2024-02-02 00:00:00,32.627,2024-02-08,31.651,2024-02-15,31.35
2024-02-02,32.627,2024-02-05 00:00:00,31.754,2024-02-09,31.561,2024-02-16,31.205
2024-02-05,31.754,2024-02-06 00:00:00,32.053,2024-02-12,31.492,2024-02-19,31.045
2024-02-06,32.053,2024-02-07 00:00:00,31.847,2024-02-13,30.959,2024-02-20,31.045
2024-02-07,31.847,2024-02-08 00:00:00,31.651,2024-02-14,31.118,2024-02-21,30.822
2024-02-08,31.651,2024-02-09 00:00:00,31.561,2024-02-15,31.35,2024-02-22,31.048
2024-02-09,31.561,2024-02-12 00:00:00,31.492,2024-02-16,31.205,2024-02-23,31.818
2024-02-12,31.492,2024-02-13 00:00:00,30.959,2024-02-19,31.045,2024-02-26,31.602
2024-02-13,30.959,2024-02-14 00:00:00,31.118,2024-02-20,31.045,2024-02-27,31.327
2024-02-14,31.118,2024-02-15 00:00:00,31.35,2024-02-21,30.822,2024-02-28,31.504
2024-02-15,31.35,2024-02-16 00:00:00,31.205,2024-02-22,31.048,2024-02-29,31.743
2024-02-16,31.205,2024-02-19 00:00:00,31.045,2024-02-23,31.818,2024-03-01,32.111
2024-02-20,31.045,2024-02-21 00:00:00,30.822,2024-02-27,31.327,2024-03-05,32.425
2024-02-21,30.822,2024-02-22 00:00:00,31.048,2024-02-28,31.504,2024-03-06,32.868
2024-02-22,31.048,2024-02-23 00:00:00,31.818,2024-02-29,31.743,2024-03-07,32.762
2024-02-23,31.818,2024-02-26 00:00:00,31.602,2024-03-01,32.111,2024-03-08,32.694
2024-02-26,31.602,2024-02-27 00:00:00,31.327,2024-03-04,31.959,2024-03-11,32.656
2024-02-27,31.327,2024-02-28 00:00:00,31.504,2024-03-05,32.425,2024-03-12,32.248
2024-02-28,31.504,2024-02-29 00:00:00,31.743,2024-03-06,32.868,2024-03-13,32.03
2024-02-29,31.743,2024-03-01 00:00:00,32.111,2024-03-07,32.762,2024-03-14,31.304
2024-03-01,32.111,2024-03-04 00:00:00,31.959,2024-03-08,32.694,2024-03-15,31.4
2024-03-04,31.959,2024-03-05 00:00:00,32.425,2024-03-11,32.656,2024-03-18,31.283
2024-03-05,32.425,2024-03-06 00:00:00,32.868,2024-03-12,32.248,2024-03-19,31.339
2024-03-06,32.868,2024-03-07 00:00:00,32.762,2024-03-13,32.03,2024-03-20,31.203
2024-03-07,32.762,2024-03-08 00:00:00,32.694,2024-03-14,31.304,2024-03-21,31.331
2024-03-08,32.694,2024-03-11 00:00:00,32.656,2024-03-15,31.4,2024-03-22,31.794
2024-03-11,32.656,2024-03-12 00:00:00,32.248,2024-03-18,31.283,2024-03-25,31.559
2024-03-12,32.248,2024-03-13 00:00:00,32.03,2024-03-19,31.339,2024-03-26,31.697
2024-03-13,32.03,2024-03-14 00:00:00,31.304,2024-03-20,31.203,2024-03-27,32.092
2024-03-14,31.304,2024-03-15 00:00:00,31.4,2024-03-21,31.331,2024-03-28,32.21
2024-03-15,31.4,2024-03-18 00:00:00,31.283,2024-03-22,31.794,2024-03-29,31.373
2024-03-18,31.283,2024-03-19 00:00:00,31.339,2024-03-25,31.559,2024-04-01,31.373
2024-03-19,31.339,2024-03-20 00:00:00,31.203,2024-03-26,31.697,2024-04-02,31.018
2024-03-20,31.203,2024-03-21 00:00:00,31.331,2024-03-27,32.092,2024-04-03,30.927
2024-03-21,31.331,2024-03-22 00:00:00,31.794,2024-03-28,32.21,2024-04-04,31.185
2024-03-22,31.794,2024-03-25 00:00:00,31.559,2024-03-29,31.373,2024-04-05,30.624
2024-03-25,31.559,2024-03-26 00:00:00,31.697,2024-04-01,31.373,2024-04-08,30.71
2024-03-26,31.697,2024-03-27 00:00:00,32.092,2024-04-02,31.018,2024-04-09,31.085
2024-03-27,32.092,2024-03-28 00:00:00,32.21,2024-04-03,30.927,2024-04-10,30.221
2024-03-28,32.21,2024-03-29 00:00:00,31.373,2024-04-04,31.185,2024-04-11,29.792
2024-04-01,31.373,2024-04-02 00:00:00,31.018,2024-04-08,30.71,2024-04-15,29.467
2024-04-02,31.018,2024-04-03 00:00:00,30.927,2024-04-09,31.085,2024-04-16,29.143
2024-04-03,30.927,2024-04-04 00:00:00,31.185,2024-04-10,30.221,2024-04-17,29.558
2024-04-04,31.185,2024-04-05 00:00:00,30.624,2024-04-11,29.792,2024-04-18,29.381
2024-04-05,30.624,2024-04-08 00:00:00,30.71,2024-04-12,30.113,2024-04-19,29.532
2024-04-08,30.71,2024-04-09 00:00:00,31.085,2024-04-15,29.467,2024-04-22,29.547
2024-04-09,31.085,2024-04-10 00:00:00,30.221,2024-04-16,29.143,2024-04-23,29.472
2024-04-10,30.221,2024-04-11 00:00:00,29.792,2024-04-17,29.558,2024-04-24,29.132
2024-04-11,29.792,2024-04-12 00:00:00,30.113,2024-04-18,29.381,2024-04-25,28.871
2024-04-12,30.113,2024-04-15 00:00:00,29.467,2024-04-19,29.532,2024-04-26,29.151
2024-04-15,29.467,2024-04-16 00:00:00,29.143,2024-04-22,29.547,2024-04-29,29.479
2024-04-16,29.143,2024-04-17 00:00:00,29.558,2024-04-23,29.472,2024-04-30,29.111
2024-04-17,29.558,2024-04-18 00:00:00,29.381,2024-04-24,29.132,2024-05-01,29.315
2024-04-18,29.381,2024-04-19 00:00:00,29.532,2024-04-25,28.871,2024-05-02,29.435
2024-04-19,29.532,2024-04-22 00:00:00,29.547,2024-04-26,29.151,2024-05-03,29.906
2024-04-22,29.547,2024-04-23 00:00:00,29.472,2024-04-29,29.479,2024-05-06,30.151
2024-04-23,29.472,2024-04-24 00:00:00,29.132,2024-04-30,29.111,2024-05-07,30.443
2024-04-24,29.132,2024-04-25 00:00:00,28.871,2024-05-01,29.315,2024-05-08,30.12
2024-04-25,28.871,2024-04-26 00:00:00,29.151,2024-05-02,29.435,2024-05-09,30.312
2024-04-26,29.151,2024-04-29 00:00:00,29.479,2024-05-03,29.906,2024-05-10,30.089
2024-04-29,29.479,2024-04-30 00:00:00,29.111,2024-05-06,30.151,2024-05-13,30.17
2024-04-30,29.111,2024-05-01 00:00:00,29.315,2024-05-07,30.443,2024-05-14,30.493
2024-05-01,29.315,2024-05-02 00:00:00,29.435,2024-05-08,30.12,2024-05-15,31.1
2024-05-02,29.435,2024-05-03 00:00:00,29.906,2024-05-09,30.312,2024-05-16,30.985
2024-05-03,29.906,2024-05-06 00:00:00,30.151,2024-05-10,30.089,2024-05-17,30.664
2024-05-06,30.151,2024-05-07 00:00:00,30.443,2024-05-13,30.17,2024-05-20,30.485
2024-05-07,30.443,2024-05-08 00:00:00,30.12,2024-05-14,30.493,2024-05-21,30.753
2024-05-08,30.12,2024-05-09 00:00:00,30.312,2024-05-15,31.1,2024-05-22,30.867
2024-05-09,30.312,2024-05-10 00:00:00,30.089,2024-05-16,30.985,2024-05-23,30.57
2024-05-10,30.089,2024-05-13 00:00:00,30.17,2024-05-17,30.664,2024-05-24,30.675
2024-05-13,30.17,2024-05-14 00:00:00,30.493,2024-05-20,30.485,2024-05-27,29.921
2024-05-14,30.493,2024-05-15 00:00:00,31.1,2024-05-21,30.753,2024-05-28,29.921
2024-05-15,31.1,2024-05-16 00:00:00,30.985,2024-05-22,30.867,2024-05-29,29.454
2024-05-16,30.985,2024-05-17 00:00:00,30.664,2024-05-23,30.57,2024-05-30,29.872
2024-05-17,30.664,2024-05-20 00:00:00,30.485,2024-05-24,30.675,2024-05-31,30.138
2024-05-20,30.485,2024-05-21 00:00:00,30.753,2024-05-27,29.921,2024-06-03,30.967
2024-05-21,30.753,2024-05-22 00:00:00,30.867,2024-05-28,29.921,2024-06-04,31.434
2024-05-22,30.867,2024-05-23 00:00:00,30.57,2024-05-29,29.454,2024-06-05,31.742
2024-05-23,30.57,2024-05-24 00:00:00,30.675,2024-05-30,29.872,2024-06-06,31.718
2024-05-24,30.675,2024-05-27 00:00:00,29.921,2024-05-31,30.138,2024-06-07,30.864
2024-05-28,29.921,2024-05-29 00:00:00,29.454,2024-06-04,31.434,2024-06-11,31.025
2024-05-29,29.454,2024-05-30 00:00:00,29.872,2024-06-05,31.742,2024-06-12,31.452
2024-05-30,29.872,2024-05-31 00:00:00,30.138,2024-06-06,31.718,2024-06-13,32.072
2024-05-31,30.138,2024-06-03 00:00:00,30.967,2024-06-07,30.864,2024-06-14,32.46
2024-06-03,30.967,2024-06-04 00:00:00,31.434,2024-06-10,30.565,2024-06-17,32.002
2024-06-04,31.434,2024-06-05 00:00:00,31.742,2024-06-11,31.025,2024-06-18,32.373
2024-06-05,31.742,2024-06-06 00:00:00,31.718,2024-06-12,31.452,2024-06-19,32.067
2024-06-06,31.718,2024-06-07 00:00:00,30.864,2024-06-13,32.072,2024-06-20,32.067
2024-06-07,30.864,2024-06-10 00:00:00,30.565,2024-06-14,32.46,2024-06-21,32.094
2024-06-10,30.565,2024-06-11 00:00:00,31.025,2024-06-17,32.002,2024-06-24,32.38
2024-06-11,31.025,2024-06-12 00:00:00,31.452,2024-06-18,32.373,2024-06-25,32.265
2024-06-12,31.452,2024-06-13 00:00:00,32.072,2024-06-19,32.067,2024-06-26,31.622
2024-06-13,32.072,2024-06-14 00:00:00,32.46,2024-06-20,32.067,2024-06-27,31.891
2024-06-14,32.46,2024-06-17 00:00:00,32.002,2024-06-21,32.094,2024-06-28,30.819
2024-06-17,32.002,2024-06-18 00:00:00,32.373,2024-06-24,32.38,2024-07-01,30.325
2024-06-18,32.373,2024-06-19 00:00:00,32.067,2024-06-25,32.265,2024-07-02,30.451
2024-06-20,32.067,2024-06-21 00:00:00,32.094,2024-06-27,31.891,2024-07-04,31.421
2024-06-21,32.094,2024-06-24 00:00:00,32.38,2024-06-28,30.819,2024-07-05,31.421
2024-06-24,32.38,2024-06-25 00:00:00,32.265,2024-07-01,30.325,2024-07-08,31.504
2024-06-25,32.265,2024-06-26 00:00:00,31.622,2024-07-02,30.451,2024-07-09,31.321
2024-06-26,31.622,2024-06-27 00:00:00,31.891,2024-07-03,31.026,2024-07-10,31.416
2024-06-27,31.891,2024-06-28 00:00:00,30.819,2024-07-04,31.421,2024-07-11,31.82
2024-06-28,30.819,2024-07-01 00:00:00,30.325,2024-07-05,31.421,2024-07-12,32.033
2024-07-01,30.325,2024-07-02 00:00:00,30.451,2024-07-08,31.504,2024-07-15,31.491
2024-07-02,30.451,2024-07-03 00:00:00,31.026,2024-07-09,31.321,2024-07-16,32.158
2024-07-03,31.026,2024-07-04 00:00:00,31.421,2024-07-10,31.416,2024-07-17,32.077
2024-07-05,31.421,2024-07-08 00:00:00,31.504,2024-07-12,32.033,2024-07-19,31.522
2024-07-08,31.504,2024-07-09 00:00:00,31.321,2024-07-15,31.491,2024-07-22,31.323
2024-07-09,31.321,2024-07-10 00:00:00,31.416,2024-07-16,32.158,2024-07-23,31.209
2024-07-10,31.416,2024-07-11 00:00:00,31.82,2024-07-17,32.077,2024-07-24,30.748
2024-07-11,31.82,2024-07-12 00:00:00,32.033,2024-07-18,31.73,2024-07-25,31.197
2024-07-12,32.033,2024-07-15 00:00:00,31.491,2024-07-19,31.522,2024-07-26,31.437
2024-07-15,31.491,2024-07-16 00:00:00,32.158,2024-07-22,31.323,2024-07-29,31.7
2024-07-16,32.158,2024-07-17 00:00:00,32.077,2024-07-23,31.209,2024-07-30,31.953
2024-07-17,32.077,2024-07-18 00:00:00,31.73,2024-07-24,30.748,2024-07-31,32.662
2024-07-18,31.73,2024-07-19 00:00:00,31.522,2024-07-25,31.197,2024-08-01,32.835
2024-07-19,31.522,2024-07-22 00:00:00,31.323,2024-07-26,31.437,2024-08-02,34.209
2024-07-22,31.323,2024-07-23 00:00:00,31.209,2024-07-29,31.7,2024-08-05,34.503
2024-07-23,31.209,2024-07-24 00:00:00,30.748,2024-07-30,31.953,2024-08-06,33.596
2024-07-24,30.748,2024-07-25 00:00:00,31.197,2024-07-31,32.662,2024-08-07,33.008
2024-07-25,31.197,2024-07-26 00:00:00,31.437,2024-08-01,32.835,2024-08-08,32.75
2024-07-26,31.437,2024-07-29 00:00:00,31.7,2024-08-02,34.209,2024-08-09,33.282
2024-07-29,31.7,2024-07-30 00:00:00,31.953,2024-08-05,34.503,2024-08-12,33.378
2024-07-30,31.953,2024-07-31 00:00:00,32.662,2024-08-06,33.596,2024-08-13,33.657
2024-07-31,32.662,2024-08-01 00:00:00,32.835,2024-08-07,33.008,2024-08-14,33.972
2024-08-01,32.835,2024-08-02 00:00:00,34.209,2024-08-08,32.75,2024-08-15,33.627
2024-08-02,34.209,2024-08-05 00:00:00,34.503,2024-08-09,33.282,2024-08-16,33.821
2024-08-05,34.503,2024-08-06 00:00:00,33.596,2024-08-12,33.378,2024-08-19,33.97
2024-08-06,33.596,2024-08-07 00:00:00,33.008,2024-08-13,33.657,2024-08-20,34.474
2024-08-07,33.008,2024-08-08 00:00:00,32.75,2024-08-14,33.972,2024-08-21,34.365
2024-08-08,32.75,2024-08-09 00:00:00,33.282,2024-08-15,33.627,2024-08-22,33.982
2024-08-09,33.282,2024-08-12 00:00:00,33.378,2024-08-16,33.821,2024-08-23,34.264
2024-08-12,33.378,2024-08-13 00:00:00,33.657,2024-08-19,33.97,2024-08-26,34.156
2024-08-13,33.657,2024-08-14 00:00:00,33.972,2024-08-20,34.474,2024-08-27,34.074
2024-08-14,33.972,2024-08-15 00:00:00,33.627,2024-08-21,34.365,2024-08-28,34.001
2024-08-15,33.627,2024-08-16 00:00:00,33.821,2024-08-22,33.982,2024-08-29,33.851
2024-08-16,33.821,2024-08-19 00:00:00,33.97,2024-08-23,34.264,2024-08-30,33.531
2024-08-19,33.97,2024-08-20 00:00:00,34.474,2024-08-26,34.156,2024-09-02,34.127
2024-08-20,34.474,2024-08-21 00:00:00,34.365,2024-08-27,34.074,2024-09-03,34.127
2024-08-21,34.365,2024-08-22 00:00:00,33.982,2024-08-28,34.001,2024-09-04,34.694
2024-08-22,33.982,2024-08-23 00:00:00,34.264,2024-08-29,33.851,2024-09-05,35.101
2024-08-23,34.264,2024-08-26 00:00:00,34.156,2024-08-30,33.531,2024-09-06,35.122
2024-08-26,34.156,2024-08-27 00:00:00,34.074,2024-09-02,34.127,2024-09-09,35.25
2024-08-27,34.074,2024-08-28 00:00:00,34.001,2024-09-03,34.127,2024-09-10,35.592
2024-08-28,34.001,2024-08-29 00:00:00,33.851,2024-09-04,34.694,2024-09-11,35.587
2024-08-29,33.851,2024-08-30 00:00:00,33.531,2024-09-05,35.101,2024-09-12,35.395
2024-08-30,33.531,2024-09-02 00:00:00,34.127,2024-09-06,35.122,2024-09-13,35.473
2024-09-03,34.127,2024-09-04 00:00:00,34.694,2024-09-10,35.592,2024-09-17,35.691
2024-09-04,34.694,2024-09-05 00:00:00,35.101,2024-09-11,35.587,2024-09-18,35.117
2024-09-05,35.101,2024-09-06 00:00:00,35.122,2024-09-12,35.395,2024-09-19,34.857
2024-09-06,35.122,2024-09-09 00:00:00,35.25,2024-09-13,35.473,2024-09-20,34.511
2024-09-09,35.25,2024-09-10 00:00:00,35.592,2024-09-16,35.971,2024-09-23,34.441
2024-09-10,35.592,2024-09-11 00:00:00,35.587,2024-09-17,35.691,2024-09-24,34.484
2024-09-11,35.587,2024-09-12 00:00:00,35.395,2024-09-18,35.117,2024-09-25,34.011
2024-09-12,35.395,2024-09-13 00:00:00,35.473,2024-09-19,34.857,2024-09-26,34.109
2024-09-13,35.473,2024-09-16 00:00:00,35.971,2024-09-20,34.511,2024-09-27,34.327
2024-09-16,35.971,2024-09-17 00:00:00,35.691,2024-09-23,34.441,2024-09-30,34.202
2024-09-17,35.691,2024-09-18 00:00:00,35.117,2024-09-24,34.484,2024-10-01,34.572
2024-09-18,35.117,2024-09-19 00:00:00,34.857,2024-09-25,34.011,2024-10-02,34.064
2024-09-19,34.857,2024-09-20 00:00:00,34.511,2024-09-26,34.109,2024-10-03,33.643
2024-09-20,34.511,2024-09-23 00:00:00,34.441,2024-09-27,34.327,2024-10-04,33.136
2024-09-23,34.441,2024-09-24 00:00:00,34.484,2024-09-30,34.202,2024-10-07,32.711
2024-09-24,34.484,2024-09-25 00:00:00,34.011,2024-10-01,34.572,2024-10-08,32.854
2024-09-25,34.011,2024-09-26 00:00:00,34.109,2024-10-02,34.064,2024-10-09,32.567
2024-09-26,34.109,2024-09-27 00:00:00,34.327,2024-10-03,33.643,2024-10-10,32.413
2024-09-27,34.327,2024-09-30 00:00:00,34.202,2024-10-04,33.136,2024-10-11,32.009
2024-09-30,34.202,2024-10-01 00:00:00,34.572,2024-10-07,32.711,2024-10-14,32.75
2024-10-01,34.572,2024-10-02 00:00:00,34.064,2024-10-08,32.854,2024-10-15,32.75
2024-10-02,34.064,2024-10-03 00:00:00,33.643,2024-10-09,32.567,2024-10-16,32.947
2024-10-03,33.643,2024-10-04 00:00:00,33.136,2024-10-10,32.413,2024-10-17,32.161
2024-10-04,33.136,2024-10-07 00:00:00,32.711,2024-10-11,32.009,2024-10-18,32.165
2024-10-07,32.711,2024-10-08 00:00:00,32.854,2024-10-14,32.75,2024-10-21,31.355
2024-10-08,32.854,2024-10-09 00:00:00,32.567,2024-10-15,32.75,2024-10-22,31.425
2024-10-09,32.567,2024-10-10 00:00:00,32.413,2024-10-16,32.947,2024-10-23,31.304
2024-10-10,32.413,2024-10-11 00:00:00,32.009,2024-10-17,32.161,2024-10-24,31.65
2024-10-11,32.009,2024-10-14 00:00:00,32.75,2024-10-18,32.165,2024-10-25,31.456
2024-10-15,32.75,2024-10-16 00:00:00,32.947,2024-10-22,31.425,2024-10-29,31.527
2024-10-16,32.947,2024-10-17 00:00:00,32.161,2024-10-23,31.304,2024-10-30,31.562
2024-10-17,32.161,2024-10-18 00:00:00,32.165,2024-10-24,31.65,2024-10-31,31.792
2024-10-18,32.165,2024-10-21 00:00:00,31.355,2024-10-25,31.456,2024-11-01,30.969
2024-10-21,31.355,2024-10-22 00:00:00,31.425,2024-10-28,31.284,2024-11-04,31.851
2024-10-22,31.425,2024-10-23 00:00:00,31.304,2024-10-29,31.527,2024-11-05,32.126
2024-10-23,31.304,2024-10-24 00:00:00,31.65,2024-10-30,31.562,2024-11-06,30.727
2024-10-24,31.65,2024-10-25 00:00:00,31.456,2024-10-31,31.792,2024-11-07,31.288
2024-10-25,31.456,2024-10-28 00:00:00,31.284,2024-11-01,30.969,2024-11-08,31.767
2024-10-28,31.284,2024-10-29 00:00:00,31.527,2024-11-04,31.851,2024-11-11,30.973
2024-10-29,31.527,2024-10-30 00:00:00,31.562,2024-11-05,32.126,2024-11-12,30.973
2024-10-30,31.562,2024-10-31 00:00:00,31.792,2024-11-06,30.727,2024-11-13,30.377
2024-10-31,31.792,2024-11-01 00:00:00,30.969,2024-11-07,31.288,2024-11-14,30.716
2024-11-01,30.969,2024-11-04 00:00:00,31.851,2024-11-08,31.767,2024-11-15,30.457
2024-11-04,31.851,2024-11-05 00:00:00,32.126,2024-11-11,30.973,2024-11-18,30.491
2024-11-05,32.126,2024-11-06 00:00:00,30.727,2024-11-12,30.973,2024-11-19,30.758
2024-11-06,30.727,2024-11-07 00:00:00,31.288,2024-11-13,30.377,2024-11-20,30.64
2024-11-07,31.288,2024-11-08 00:00:00,31.767,2024-11-14,30.716,2024-11-21,30.621
2024-11-08,31.767,2024-11-11 00:00:00,30.973,2024-11-15,30.457,2024-11-22,30.736
2024-11-12,30.973,2024-11-13 00:00:00,30.377,2024-11-19,30.758,2024-11-26,31.601
2024-11-13,30.377,2024-11-14 00:00:00,30.716,2024-11-20,30.64,2024-11-27,31.949
2024-11-14,30.716,2024-11-15 00:00:00,30.457,2024-11-21,30.621,2024-11-28,32.539
2024-11-15,30.457,2024-11-18 00:00:00,30.491,2024-11-22,30.736,2024-11-29,32.539
2024-11-18,30.491,2024-11-19 00:00:00,30.758,2024-11-25,31.696,2024-12-02,32.579
2024-11-19,30.758,2024-11-20 00:00:00,30.64,2024-11-26,31.601,2024-12-03,32.289
2024-11-20,30.64,2024-11-21 00:00:00,30.621,2024-11-27,31.949,2024-12-04,32.795
2024-11-21,30.621,2024-11-22 00:00:00,30.736,2024-11-28,32.539,2024-12-05,32.913
2024-11-22,30.736,2024-11-25 00:00:00,31.696,2024-11-29,32.539,2024-12-06,32.86
2024-11-25,31.696,2024-11-26 00:00:00,31.601,2024-12-02,32.579,2024-12-09,32.482
2024-11-26,31.601,2024-11-27 00:00:00,31.949,2024-12-03,32.289,2024-12-10,32.196
2024-11-27,31.949,2024-11-28 00:00:00,32.539,2024-12-04,32.795,2024-12-11,31.668
2024-11-29,32.539,2024-12-02 00:00:00,32.579,2024-12-06,32.86,2024-12-13,30.799
2024-12-02,32.579,2024-12-03 00:00:00,32.289,2024-12-09,32.482,2024-12-16,30.861
2024-12-03,32.289,2024-12-04 00:00:00,32.795,2024-12-10,32.196,2024-12-17,30.968
2024-12-04,32.795,2024-12-05 00:00:00,32.913,2024-12-11,31.668,2024-12-18,30.326
2024-12-05,32.913,2024-12-06 00:00:00,32.86,2024-12-12,31.203,2024-12-19,29.881
2024-12-06,32.86,2024-12-09 00:00:00,32.482,2024-12-13,30.799,2024-12-20,29.99
2024-12-09,32.482,2024-12-10 00:00:00,32.196,2024-12-16,30.861,2024-12-23,29.606
2024-12-10,32.196,2024-12-11 00:00:00,31.668,2024-12-17,30.968,2024-12-24,29.683
2024-12-11,31.668,2024-12-12 00:00:00,31.203,2024-12-18,30.326,2024-12-25,29.654
2024-12-12,31.203,2024-12-13 00:00:00,30.799,2024-12-19,29.881,2024-12-26,29.654
2024-12-13,30.799,2024-12-16 00:00:00,30.861,2024-12-20,29.99,2024-12-27,29.341
2024-12-16,30.861,2024-12-17 00:00:00,30.968,2024-12-23,29.606,2024-12-30,29.825
2024-12-17,30.968,2024-12-18 00:00:00,30.326,2024-12-24,29.683,2024-12-31,29.601
2024-12-18,30.326,2024-12-19 00:00:00,29.881,2024-12-25,29.654,2025-01-01,29.616
2024-12-19,29.881,2024-12-20 00:00:00,29.99,2024-12-26,29.654,2025-01-02,29.616
2024-12-20,29.99,2024-12-23 00:00:00,29.606,2024-12-27,29.341,2025-01-03,29.415
2024-12-23,29.606,2024-12-24 00:00:00,29.683,2024-12-30,29.825,2025-01-06,29.101
2024-12-24,29.683,2024-12-25 00:00:00,29.654,2024-12-31,29.601,2025-01-07,28.63
2024-12-26,29.654,2024-12-27 00:00:00,29.341,2025-01-02,29.616,2025-01-09,28.496
2024-12-27,29.341,2024-12-30 00:00:00,29.825,2025-01-03,29.415,2025-01-10,28.505
2024-12-30,29.825,2024-12-31 00:00:00,29.601,2025-01-06,29.101,2025-01-13,28.428
2024-12-31,29.601,2025-01-01 00:00:00,29.616,2025-01-07,28.63,2025-01-14,28.344
2025-01-02,29.616,2025-01-03 00:00:00,29.415,2025-01-09,28.496,2025-01-16,29.165
2025-01-03,29.415,2025-01-06 00:00:00,29.101,2025-01-10,28.505,2025-01-17,29.199
2025-01-06,29.101,2025-01-07 00:00:00,28.63,2025-01-13,28.428,2025-01-20,29.518
2025-01-07,28.63,2025-01-08 00:00:00,28.461,2025-01-14,28.344,2025-01-21,29.518
2025-01-08,28.461,2025-01-09 00:00:00,28.496,2025-01-15,28.985,2025-01-22,29.409
2025-01-09,28.496,2025-01-10 00:00:00,28.505,2025-01-16,29.165,2025-01-23,29.067
2025-01-10,28.505,2025-01-13 00:00:00,28.428,2025-01-17,29.199,2025-01-24,29.222
2025-01-13,28.428,2025-01-14 00:00:00,28.344,2025-01-20,29.518,2025-01-27,29.747
2025-01-14,28.344,2025-01-15 00:00:00,28.985,2025-01-21,29.518,2025-01-28,29.718
2025-01-15,28.985,2025-01-16 00:00:00,29.165,2025-01-22,29.409,2025-01-29,29.759
2025-01-16,29.165,2025-01-17 00:00:00,29.199,2025-01-23,29.067,2025-01-30,29.836
2025-01-17,29.199,2025-01-20 00:00:00,29.518,2025-01-24,29.222,2025-01-31,29.595
2025-01-21,29.518,2025-01-22 00:00:00,29.409,2025-01-28,29.718,2025-02-04,29.952
2025-01-22,29.409,2025-01-23 00:00:00,29.067,2025-01-29,29.759,2025-02-05,30.826
2025-01-23,29.067,2025-01-24 00:00:00,29.222,2025-01-30,29.836,2025-02-06,30.83
2025-01-24,29.222,2025-01-27 00:00:00,29.747,2025-01-31,29.595,2025-02-07,30.415
2025-01-27,29.747,2025-01-28 00:00:00,29.718,2025-02-03,29.613,2025-02-10,30.317
2025-01-28,29.718,2025-01-29 00:00:00,29.759,2025-02-04,29.952,2025-02-11,29.99
2025-01-29,29.759,2025-01-30 00:00:00,29.836,2025-02-05,30.826,2025-02-12,29.405
2025-01-30,29.836,2025-01-31 00:00:00,29.595,2025-02-06,30.83,2025-02-13,30.113
2025-01-31,29.595,2025-02-03 00:00:00,29.613,2025-02-07,30.415,2025-02-14,30.338
2025-02-03,29.613,2025-02-04 00:00:00,29.952,2025-02-10,30.317,2025-02-17,29.823
2025-02-04,29.952,2025-02-05 00:00:00,30.826,2025-02-11,29.99,2025-02-18,29.823
2025-02-05,30.826,2025-02-06 00:00:00,30.83,2025-02-12,29.405,2025-02-19,29.794
2025-02-06,30.83,2025-02-07 00:00:00,30.415,2025-02-13,30.113,2025-02-20,29.915
2025-02-07,30.415,2025-02-10 00:00:00,30.317,2025-02-14,30.338,2025-02-21,30.455
2025-02-10,30.317,2025-02-11 00:00:00,29.99,2025-02-17,29.823,2025-02-24,30.598
2025-02-11,29.99,2025-02-12 00:00:00,29.405,2025-02-18,29.823,2025-02-25,31.354
2025-02-12,29.405,2025-02-13 00:00:00,30.113,2025-02-19,29.794,2025-02-26,31.711
2025-02-13,30.113,2025-02-14 00:00:00,30.338,2025-02-20,29.915,2025-02-27,31.509
2025-02-14,30.338,2025-02-17 00:00:00,29.823,2025-02-21,30.455,2025-02-28,31.794
2025-02-18,29.823,2025-02-19 00:00:00,29.794,2025-02-25,31.354,2025-03-04,31.382
2025-02-19,29.794,2025-02-20 00:00:00,29.915,2025-02-26,31.711,2025-03-05,31.093
2025-02-20,29.915,2025-02-21 00:00:00,30.455,2025-02-27,31.509,2025-03-06,31.013
2025-02-21,30.455,2025-02-24 00:00:00,30.598,2025-02-28,31.794,2025-03-07,30.877
2025-02-24,30.598,2025-02-25 00:00:00,31.354,2025-03-03,32.113,2025-03-10,31.282
2025-02-25,31.354,2025-02-26 00:00:00,31.711,2025-03-04,31.382,2025-03-11,30.896
2025-02-26,31.711,2025-02-27 00:00:00,31.509,2025-03-05,31.093,2025-03-12,30.681
2025-02-27,31.509,2025-02-28 00:00:00,31.794,2025-03-06,31.013,2025-03-13,30.992
2025-02-28,31.794,2025-03-03 00:00:00,32.113,2025-03-07,30.877,2025-03-14,30.817
2025-03-03,32.113,2025-03-04 00:00:00,31.382,2025-03-10,31.282,2025-03-17,31.092
2025-03-04,31.382,2025-03-05 00:00:00,31.093,2025-03-11,30.896,2025-03-18,31.145
2025-03-05,31.093,2025-03-06 00:00:00,31.013,2025-03-12,30.681,2025-03-19,31.395
2025-03-06,31.013,2025-03-07 00:00:00,30.877,2025-03-13,30.992,2025-03-20,31.345
2025-03-07,30.877,2025-03-10 00:00:00,31.282,2025-03-14,30.817,2025-03-21,31.073
2025-03-10,31.282,2025-03-11 00:00:00,30.896,2025-03-17,31.092,2025-03-24,30.544
2025-03-11,30.896,2025-03-12 00:00:00,30.681,2025-03-18,31.145,2025-03-25,30.567
2025-03-12,30.681,2025-03-13 00:00:00,30.992,2025-03-19,31.395,2025-03-26,30.239
2025-03-13,30.992,2025-03-14 00:00:00,30.817,2025-03-20,31.345,2025-03-27,30.143
2025-03-14,30.817,2025-03-17 00:00:00,31.092,2025-03-21,31.073,2025-03-28,30.816
2025-03-17,31.092,2025-03-18 00:00:00,31.145,2025-03-24,30.544,2025-03-31,31.281
2025-03-18,31.145,2025-03-19 00:00:00,31.395,2025-03-25,30.567,2025-04-01,31.633
2025-03-19,31.395,2025-03-20 00:00:00,31.345,2025-03-26,30.239,2025-04-02,31.789
2025-03-20,31.345,2025-03-21 00:00:00,31.073,2025-03-27,30.143,2025-04-03,31.859
2025-03-21,31.073,2025-03-24 00:00:00,30.544,2025-03-28,30.816,2025-04-04,32.352
2025-03-24,30.544,2025-03-25 00:00:00,30.567,2025-03-31,31.281,2025-04-07,30.69
2025-03-25,30.567,2025-03-26 00:00:00,30.239,2025-04-01,31.633,2025-04-08,29.568
2025-03-26,30.239,2025-03-27 00:00:00,30.143,2025-04-02,31.789,2025-04-09,29.881
2025-03-27,30.143,2025-03-28 00:00:00,30.816,2025-04-03,31.859,2025-04-10,28.885
2025-03-28,30.816,2025-03-31 00:00:00,31.281,2025-04-04,32.352,2025-04-11,29.035
2025-03-31,31.281,2025-04-01 00:00:00,31.633,2025-04-07,30.69,2025-04-14,29.4
2025-04-01,31.633,2025-04-02 00:00:00,31.789,2025-04-08,29.568,2025-04-15,29.625
2025-04-02,31.789,2025-04-03 00:00:00,31.859,2025-04-09,29.881,2025-04-16,29.88
2025-04-03,31.859,2025-04-04 00:00:00,32.352,2025-04-10,28.885,2025-04-17,29.475
2025-04-04,32.352,2025-04-07 00:00:00,30.69,2025-04-11,29.035,2025-04-18,28.724
2025-04-07,30.69,2025-04-08 00:00:00,29.568,2025-04-14,29.4,2025-04-21,28.724
2025-04-08,29.568,2025-04-09 00:00:00,29.881,2025-04-15,29.625,2025-04-22,28.975
2025-04-09,29.881,2025-04-10 00:00:00,28.885,2025-04-16,29.88,2025-04-23,29.436
2025-04-10,28.885,2025-04-11 00:00:00,29.035,2025-04-17,29.475,2025-04-24,29.751
2025-04-11,29.035,2025-04-14 00:00:00,29.4,2025-04-18,28.724,2025-04-25,30.307
2025-04-14,29.4,2025-04-15 00:00:00,29.625,2025-04-21,28.724,2025-04-28,30.459
2025-04-15,29.625,2025-04-16 00:00:00,29.88,2025-04-22,28.975,2025-04-29,30.695
2025-04-16,29.88,2025-04-17 00:00:00,29.475,2025-04-23,29.436,2025-04-30,30.4
2025-04-17,29.475,2025-04-18 00:00:00,28.724,2025-04-24,29.751,2025-05-01,30.12
2025-04-21,28.724,2025-04-22 00:00:00,28.975,2025-04-28,30.459,2025-05-05,29.347
2025-04-22,28.975,2025-04-23 00:00:00,29.436,2025-04-29,30.695,2025-05-06,29.614
2025-04-23,29.436,2025-04-24 00:00:00,29.751,2025-04-30,30.4,2025-05-07,29.807
2025-04-24,29.751,2025-04-25 00:00:00,30.307,2025-05-01,30.12,2025-05-08,29.302
2025-04-25,30.307,2025-04-28 00:00:00,30.459,2025-05-02,29.678,2025-05-09,29.328
2025-04-28,30.459,2025-04-29 00:00:00,30.695,2025-05-05,29.347,2025-05-12,28.881
2025-04-29,30.695,2025-04-30 00:00:00,30.4,2025-05-06,29.614,2025-05-13,28.836
2025-04-30,30.4,2025-05-01 00:00:00,30.12,2025-05-07,29.807,2025-05-14,28.438
2025-05-01,30.12,2025-05-02 00:00:00,29.678,2025-05-08,29.302,2025-05-15,28.981
2025-05-02,29.678,2025-05-05 00:00:00,29.347,2025-05-09,29.328,2025-05-16,28.576
2025-05-05,29.347,2025-05-06 00:00:00,29.614,2025-05-12,28.881,2025-05-19,28.909
2025-05-06,29.614,2025-05-07 00:00:00,29.807,2025-05-13,28.836,2025-05-20,28.403
2025-05-07,29.807,2025-05-08 00:00:00,29.302,2025-05-14,28.438,2025-05-21,27.568
2025-05-08,29.302,2025-05-09 00:00:00,29.328,2025-05-15,28.981,2025-05-22,27.913
2025-05-09,29.328,2025-05-12 00:00:00,28.881,2025-05-16,28.576,2025-05-23,27.909
2025-05-12,28.881,2025-05-13 00:00:00,28.836,2025-05-19,28.909,2025-05-26,28.544
2025-05-13,28.836,2025-05-14 00:00:00,28.438,2025-05-20,28.403,2025-05-27,28.544
2025-05-14,28.438,2025-05-15 00:00:00,28.981,2025-05-21,27.568,2025-05-28,28.389
2025-05-15,28.981,2025-05-16 00:00:00,28.576,2025-05-22,27.913,2025-05-29,28.818
2025-05-16,28.576,2025-05-19 00:00:00,28.909,2025-05-23,27.909,2025-05-30,28.675
2025-05-19,28.909,2025-05-20 00:00:00,28.403,2025-05-26,28.544,2025-06-02,28.45
2025-05-20,28.403,2025-05-21 00:00:00,27.568,2025-05-27,28.544,2025-06-03,28.336
2025-05-21,27.568,2025-05-22 00:00:00,27.913,2025-05-28,28.389,2025-06-04,29.063
2025-05-22,27.913,2025-05-23 00:00:00,27.909,2025-05-29,28.818,2025-06-05,29.12
2025-05-23,27.909,2025-05-26 00:00:00,28.544,2025-05-30,28.675,2025-06-06,28.518
2025-05-27,28.544,2025-05-28 00:00:00,28.389,2025-06-03,28.336,2025-06-10,28.815
2025-05-28,28.389,2025-05-29 00:00:00,28.818,2025-06-04,29.063,2025-06-11,28.858
2025-05-29,28.818,2025-05-30 00:00:00,28.675,2025-06-05,29.12,2025-06-12,29.414
2025-05-30,28.675,2025-06-02 00:00:00,28.45,2025-06-06,28.518,2025-06-13,29.014
2025-06-02,28.45,2025-06-03 00:00:00,28.336,2025-06-09,28.703,2025-06-16,28.536
2025-06-03,28.336,2025-06-04 00:00:00,29.063,2025-06-10,28.815,2025-06-17,29.015
2025-06-04,29.063,2025-06-05 00:00:00,29.12,2025-06-11,28.858,2025-06-18,29.051
2025-06-05,29.12,2025-06-06 00:00:00,28.518,2025-06-12,29.414,2025-06-19,29.045
2025-06-06,28.518,2025-06-09 00:00:00,28.703,2025-06-13,29.014,2025-06-20,29.045
2025-06-09,28.703,2025-06-10 00:00:00,28.815,2025-06-16,28.536,2025-06-23,29.148
2025-06-10,28.815,2025-06-11 00:00:00,28.858,2025-06-17,29.015,2025-06-24,29.458
2025-06-11,28.858,2025-06-12 00:00:00,29.414,2025-06-18,29.051,2025-06-25,29.512
2025-06-12,29.414,2025-06-13 00:00:00,29.014,2025-06-19,29.045,2025-06-26,29.75
2025-06-13,29.014,2025-06-16 00:00:00,28.536,2025-06-20,29.045,2025-06-27,29.492
2025-06-16,28.536,2025-06-17 00:00:00,29.015,2025-06-23,29.148,2025-06-30,29.983
2025-06-17,29.015,2025-06-18 00:00:00,29.051,2025-06-24,29.458,2025-07-01,30.085
2025-06-18,29.051,2025-06-19 00:00:00,29.045,2025-06-25,29.512,2025-07-02,29.817
2025-06-20,29.045,2025-06-23 00:00:00,29.148,2025-06-27,29.492,2025-07-04,28.998
2025-06-23,29.148,2025-06-24 00:00:00,29.458,2025-06-30,29.983,2025-07-07,28.998
2025-06-24,29.458,2025-06-25 00:00:00,29.512,2025-07-01,30.085,2025-07-08,28.943
2025-06-25,29.512,2025-06-26 00:00:00,29.75,2025-07-02,29.817,2025-07-09,29.363
2025-06-26,29.75,2025-06-27 00:00:00,29.492,2025-07-03,29.394,2025-07-10,29.385
2025-06-27,29.492,2025-06-30 00:00:00,29.983,2025-07-04,28.998,2025-07-11,28.794
2025-06-30,29.983,2025-07-01 00:00:00,30.085,2025-07-07,28.998,2025-07-14,28.604
2025-07-01,30.085,2025-07-02 00:00:00,29.817,2025-07-08,28.943,2025-07-15,28.318
2025-07-02,29.817,2025-07-03 00:00:00,29.394,2025-07-09,29.363,2025-07-16,28.387
2025-07-03,29.394,2025-07-04 00:00:00,28.998,2025-07-10,29.385,2025-07-17,28.419
2025-07-07,28.998,2025-07-08 00:00:00,28.943,2025-07-14,28.604,2025-07-21,28.875
2025-07-08,28.943,2025-07-09 00:00:00,29.363,2025-07-15,28.318,2025-07-22,29.061
2025-07-09,29.363,2025-07-10 00:00:00,29.385,2025-07-16,28.387,2025-07-23,28.973
2025-07-10,29.385,2025-07-11 00:00:00,28.794,2025-07-17,28.419,2025-07-24,28.991
2025-07-11,28.794,2025-07-14 00:00:00,28.604,2025-07-18,28.551,2025-07-25,29.035
2025-07-14,28.604,2025-07-15 00:00:00,28.318,2025-07-21,28.875,2025-07-28,28.822
2025-07-15,28.318,2025-07-16 00:00:00,28.387,2025-07-22,29.061,2025-07-29,29.581
2025-07-16,28.387,2025-07-17 00:00:00,28.419,2025-07-23,28.973,2025-07-30,29.372
